{
  "accuracy": 0.7714691270404542,
  "roc_auc": 0.8365560980650495,
  "classification_report": {
    "0": {
      "precision": 0.880469583778015,
      "recall": 0.7971014492753623,
      "f1-score": 0.8367139959432048,
      "support": 1035.0
    },
    "1": {
      "precision": 0.5550847457627118,
      "recall": 0.7005347593582888,
      "f1-score": 0.6193853427895981,
      "support": 374.0
    },
    "accuracy": 0.7714691270404542,
    "macro avg": {
      "precision": 0.7177771647703635,
      "recall": 0.7488181043168256,
      "f1-score": 0.7280496693664015,
      "support": 1409.0
    },
    "weighted avg": {
      "precision": 0.7941005778037614,
      "recall": 0.7714691270404542,
      "f1-score": 0.7790270432963283,
      "support": 1409.0
    }
  }
}